<?xml version="1.0"?>
<doc>
    <assembly>
        <name>Vit.WebHost</name>
    </assembly>
    <members>
        <member name="F:Vit.WebHost.RunArg.RunAsync">
            <summary>
            是否异步运行.Runs a web application and returns a Task that only completes when the token is triggered or shutdown is triggered.
            </summary>
        </member>
        <member name="F:Vit.WebHost.RunArg._wwwrootPath">
            <summary>
            静态文件路径。若不指定(null)则不映射静态文件
            </summary>
        </member>
        <member name="P:Vit.WebHost.RunArg.wwwrootPath">
            <summary>
            静态文件路径。可为相对路径或绝对路径。若为空字符串则默认为当前目录下的wwwroot文件夹。若不指定(null)则不映射静态文件。
            </summary>
        </member>
        <member name="F:Vit.WebHost.RunArg.OnInitStaticFileOptions">
            <summary>
            初始化 wwwroot静态文件配置的操作
            </summary>
        </member>
        <member name="F:Vit.WebHost.RunArg.allowAnyOrigin">
            <summary>
            允许跨域访问
            </summary>
        </member>
    </members>
</doc>
