<?xml version="1.0"?>
<doc>
    <assembly>
        <name>Sers.CL.Ipc.SharedMemory</name>
    </assembly>
    <members>
        <member name="P:Sers.CL.Ipc.SharedMemory.DeliveryClient.Conn_OnGetFrame">
            <summary>
            请勿处理耗时操作，需立即返回。接收到客户端的数据事件 
            </summary>
        </member>
        <member name="P:Sers.CL.Ipc.SharedMemory.DeliveryClient.name">
            <summary>
            共享内存名称
            </summary>
        </member>
        <member name="P:Sers.CL.Ipc.SharedMemory.DeliveryConnection.state">
            <summary>
            连接状态(0:waitForCertify; 2:certified; 4:waitForClose; 8:closed;)
            </summary>
        </member>
        <member name="P:Sers.CL.Ipc.SharedMemory.DeliveryServer.name">
            <summary>
            共享内存名称
            </summary>
        </member>
        <member name="P:Sers.CL.Ipc.SharedMemory.DeliveryServer.nodeCount">
            <summary>
            共享内存节点个数
            </summary>
        </member>
        <member name="P:Sers.CL.Ipc.SharedMemory.DeliveryServer.nodeBufferSize">
            <summary>
            共享内存节点大小
            </summary>
        </member>
        <member name="F:Sers.CL.Ipc.SharedMemory.ConnConfig.name">
            <summary>
            共享内存名称
            </summary>
        </member>
        <member name="F:Sers.CL.Ipc.SharedMemory.ConnConfig.nodeCount">
            <summary>
            共享内存节点个数
            </summary>
        </member>
        <member name="F:Sers.CL.Ipc.SharedMemory.ConnConfig.nodeBufferSize">
            <summary>
            共享内存节点大小
            </summary>
        </member>
        <member name="F:Sers.CL.Ipc.SharedMemory.ConnConfig.secretKey">
            <summary>
            连接秘钥，用以验证连接安全性。服务端和客户端必须一致
            </summary>
        </member>
        <member name="P:Sers.CL.Ipc.SharedMemory.Stream.ReadStream.OnReceiveMessage">
            <summary>
            请勿处理耗时操作，需立即返回。接收到客户端的数据事件          public delegate void OnReceiveData(AsyncUserToken token, ArraySegment&lt;byte&gt; messageFrame);
            </summary>
        </member>
        <member name="M:Sers.CL.Ipc.SharedMemory.Stream.ReadStream.SharedMemory_Malloc(System.String,System.Int32,System.Int32)">
            <summary>
            
            </summary>
            <param name="name">共享内存名称</param>
            <param name="nodeCount">共享内存节点个数</param>
            <param name="nodeBufferSize">共享内存节点大小</param>
            <returns></returns>
        </member>
        <member name="M:Sers.CL.Ipc.SharedMemory.Stream.Util.SharedMemory_Malloc(System.String,System.Int32,System.Int32)">
            <summary>
            
            </summary>
            <param name="name">共享内存名称</param>
            <param name="nodeCount">共享内存节点个数</param>
            <param name="nodeBufferSize">共享内存节点大小</param>
            <returns></returns>
        </member>
        <member name="M:Sers.CL.Ipc.SharedMemory.Stream.WriteStream.SharedMemory_Malloc(System.String,System.Int32,System.Int32)">
            <summary>
            
            </summary>
            <param name="name">共享内存名称</param>
            <param name="nodeCount">共享内存节点个数</param>
            <param name="nodeBufferSize">共享内存节点大小</param>
            <returns></returns>
        </member>
    </members>
</doc>
