<?xml version="1.0"?>
<doc>
    <assembly>
        <name>Vit.Net.Http.FormFile</name>
    </assembly>
    <members>
        <member name="F:Vit.Net.Http.FormFile.FormFile.formKey">
            <summary>
            文件在form中的name（如 "files"）
            </summary>
        </member>
        <member name="F:Vit.Net.Http.FormFile.FormFile.fileName">
            <summary>
            上传文件时的文件名称（含后缀 如 "user.jpg"）
            </summary>
        </member>
        <member name="F:Vit.Net.Http.FormFile.FormFile.content">
            <summary>
            文件的二进制正文内容
            </summary>
        </member>
        <member name="T:Vit.Net.Http.FormFile.MultipartForm">
            <summary>
            
            </summary>
        </member>
    </members>
</doc>
