<?xml version="1.0"?>
<doc>
    <assembly>
        <name>Sers.OnlineUpgrade</name>
    </assembly>
    <members>
        <member name="M:Vit.Extensions.LocalApiServiceExtensions.LoadApi_OnlineUpgrade(Sers.Core.Module.Api.LocalApi.LocalApiService,System.String,System.String,System.String)">
            <summary>
            加载在线升级功能
            </summary>
            <param name="data"></param>
            <param name="apiPrefix">在线升级api的地址前缀，如"/sys/onlineupgrade"(对应的在线升级首页为 /sys/onlineupgrade/index.html)</param>
            <param name="password">升级密码，若不指定则不进行权限校验</param>
            <param name="appVersion">首页显示的版本号，可不指定</param>
        </member>
        <member name="M:Vit.Extensions.LocalApiServiceExtensions.LoadApi_OnlineUpgrade(Sers.Core.Module.Api.LocalApi.LocalApiService)">
            <summary>
            加载在线升级功能（从appsettings.json中读取配置）
            </summary>
        </member>
    </members>
</doc>
