<?xml version="1.0"?>
<doc>
    <assembly>
        <name>Vit.OnlineUpgrade</name>
    </assembly>
    <members>
        <member name="M:Vit.OnlineUpgrade.UpgradeApi.GetHtml(System.String,System.String,System.String)">
            <summary>
            charset=utf-8
            </summary>
            <param name="apiPrefix"></param>
            <param name="password"></param>
            <param name="appVersion"></param>
            <returns></returns>
        </member>
        <member name="M:Vit.OnlineUpgrade.UpgradeHelp.ShellBehind(System.String,System.String)">
            <summary>
            后台执行
            </summary>
            <param name="fileName"> 如 reboot </param>
            <param name="arguments"></param>
            <returns></returns>
        </member>
    </members>
</doc>
